supplier_id,supplier_name,contact_email,phone,country,rating,established_year,product_count,has_products,net_sales,units_sold,units_returned,return_amount,low_stock_products,current_stock,return_rate,revenue_share
1001,"Rodriguez, Figueroa and Sanchez",jillrhodes@miller.com,989.608.3863,Vietnam,2.0,1981.0,7,True,2874617.98926,2512.0,1.0,1716.68952,1.0,36686.0,0.0003980891719745223,0.004568239209356116
1002,Blake and Sons,jpeterson@bernard.com,361-855-9407,Canada,1.1,2007.0,3,True,778050.5218400001,1072.0,13.0,13627.928339999999,0.0,45530.0,0.012126865671641791,0.001236449821857703
1003,Arnold Ltd,barbara10@perez.com,664-375-2553,Canada,3.2,2012.0,6,True,2029681.7087400001,2646.0,17.0,6610.8072,2.0,45635.0,0.006424792139077854,0.003225496952645821
1004,"Reid, Ferguson and Sanchez",ogray@hawkins.com,505.964.1395,United States,2.1,2023.0,2,True,423280.83813000005,993.0,23.0,11947.27796,1.0,10171.0,0.023162134944612285,0.0006726626384928301
1005,Wilkerson-Day,josephwright@ryan.org,(353)828-7101x2269,United Kingdom,,2004.0,5,True,2433492.55545,2323.0,10.0,10866.4763,0.0,71893.0,0.004304778303917348,0.003867218583135856
1006,Carlson-Mcdonald,tasha01@dyer.com,346-627-0482,France,3.5,1998.0,4,True,1678671.6859900001,1603.0,9.0,14555.1717,0.0,18067.0,0.0056144728633811605,0.0026676844868523007
1007,"Romero, Gonzalez and Brooks",amberosborne@sellers.com,(443)903-9117x182,Mexico,4.1,1989.0,2,True,230040.8848,842.0,0.0,0.0,0.0,2186.0,0.0,0.00036557267561275404
1008,"Martin, Rose and Obrien",sarahcampos@harris.com,587.213.3150x983,France,2.5,1988.0,7,True,2567953.9592399998,3414.0,29.0,25224.916110000002,2.0,93882.0,0.00849443468072642,0.004080899795468583
1009,Zimmerman Inc,carlosjohnson@jones-young.info,582.399.7376,Mexico,3.4,2021.0,7,True,3254729.00804,3263.0,6.0,5596.38216,0.0,33358.0,0.0018387986515476554,0.005172297928249091
1010,Hopkins LLC,ujenkins@nunez.com,4658133387,Japan,3.6,2018.0,2,True,987575.44577,706.0,7.0,9055.71576,0.0,48111.0,0.009915014164305949,0.0015694192725500993
1011,Ramirez and Sons,ramosmichelle@garcia.com,,United States,2.1,2011.0,7,True,3777284.07766,2867.0,26.0,43181.48313,0.0,96123.0,0.009068712940355772,0.006002723594200069
1012,Galloway LLC,smitchell@cowan.com,243.909.8050,Brazil,4.5,1984.0,3,True,1248957.0474200002,1214.0,4.0,241.09788,0.0,51303.0,0.0032948929159802307,0.0019847974847936023
1013,"Calhoun, Schmidt and Brown",yorkcasey@leonard.biz,793-699-0916,Germany,2.7,1998.0,4,True,941779.1423300001,1375.0,3.0,1721.00175,0.0,30383.0,0.002181818181818182,0.001496641439182392
1014,Santiago LLC,josephanderson@evans.com,,India,1.6,2018.0,2,True,1249770.88277,860.0,0.0,0.0,0.0,40911.0,0.0,0.001986090802573467
1015,Ibarra-Suarez,justin78@turner.net,4846124118,United Kingdom,2.0,1975.0,4,True,1724444.41617,1033.0,3.0,4049.97557,0.0,34734.0,0.002904162633107454,0.0027404248584455997
1016,Jacobs-Robbins,gracefarrell@freeman.com,+1-264-300-5242x7868,United Kingdom,1.4,,2,True,1211325.97729,828.0,0.0,0.0,0.0,12723.0,0.0,0.0019249955456489335
1017,Landry Ltd,amydavenport@tran.com,4535315869,Mexico,3.0,1981.0,4,True,1142093.10713,1626.0,0.0,0.0,0.0,15724.0,0.0,0.0018149731659021936
1018,Cherry and Sons,vjohnson@patton-jenkins.com,521-260-7337x543,China,1.8,1985.0,5,True,3239268.07528,2252.0,19.0,35763.265620000006,0.0,28366.0,0.008436944937833037,0.0051477279716456974
1019,"Lee, Murphy and Lin",michael86@zavala.com,329-840-1965x569,Canada,3.0,1998.0,10,True,3926347.5336599997,4365.0,9.0,11597.34848,1.0,64607.0,0.002061855670103093,0.006239609861149447
1020,"Lee, Williams and Graham",michaeljones@mccall.com,001-448-646-5648x2366,China,3.3,2021.0,2,True,1547063.67388,866.0,6.0,7973.1564,0.0,13985.0,0.006928406466512702,0.002458537781643973
1021,Kelley-Smith,jason99@morris.net,221.248.9513x4332,United Kingdom,4.8,2008.0,8,True,3916318.97707,3014.0,0.0,0.0,1.0,28730.0,0.0,0.00622367284078749
1022,Riggs PLC,gibsonolivia@lee.com,(501)363-2870,France,4.0,2020.0,5,True,2561834.66327,1886.0,4.0,3776.37876,1.0,35888.0,0.0021208907741251328,0.004071175231060982
1023,Anderson-Marshall,stephanie79@mcclain.info,(677)943-4873,Vietnam,3.1,1989.0,2,True,219041.26866999996,964.0,0.0,0.0,0.0,8680.0,0.0,0.0003480924824599005
1024,Reeves and Sons,matthew81@hernandez.com,001-831-266-5876x036,United States,3.8,1979.0,5,True,1267750.61276,2084.0,15.0,25852.440199999997,0.0,56798.0,0.007197696737044146,0.0020146635408715033
1025,"James, Smith and Bell",acastaneda@adkins.com,234.867.0656x2729,Brazil,3.7,1983.0,1,True,0.0,318.0,8.0,0.0,0.0,20120.0,0.025157232704402517,0.0
1026,"Elliott, Johnson and Day",michellewhite@gray-lewis.com,264-564-1708x05310,Australia,2.9,1981.0,6,True,2159631.89634,2086.0,0.0,0.0,3.0,34537.0,0.0,0.003432009102947337
1027,Combs PLC,johnwells@elliott.info,001-645-829-9124x190,France,4.5,2016.0,7,True,2564126.45757,2589.0,1.0,499.62987,0.0,46118.0,0.0003862495171881035,0.00407481726788819
1028,David-Gonzalez,curtisbarton@burke.com,(786)951-8506x716,United Kingdom,1.4,2009.0,6,True,1830561.48837,2342.0,7.0,15118.19302,2.0,19166.0,0.0029888983774551663,0.0029090622815109526
1029,"Hernandez, Thompson and Boyd",christina87@graham-simon.com,431-947-3799x65075,France,4.5,2010.0,4,True,2125716.45419,1518.0,19.0,34832.268,0.0,26630.0,0.012516469038208168,0.0033781119057506538
1030,Kelly LLC,joshua94@smith.biz,783.977.7014x3634,Vietnam,4.9,1990.0,1,True,580812.4956,324.0,0.0,0.0,0.0,11987.0,0.0,0.0009230062657358243
1031,"Schmidt, Coleman and Reese",michael74@king-martinez.com,618-523-3749x89413,Japan,4.6,1975.0,5,True,2444922.71105,2343.0,2.0,4191.72576,2.0,20898.0,0.0008536064874093043,0.003885382974083122
1032,White-Smith,joshuamccann@carter.info,209-647-7752,China,2.1,2021.0,4,True,1759470.75914,1602.0,4.0,6854.74446,0.0,35066.0,0.0024968789013732834,0.0027960874591507106
1033,Wilson-Jones,ojones@brown.com,831-986-9993,Canada,1.8,1978.0,6,True,2692131.85217,2019.0,18.0,33295.908579999996,1.0,96619.0,0.008915304606240713,0.004278238823310708
1034,Evans-Chapman,ntorres@lynch.com,001-933-641-2328x12067,Canada,1.2,2008.0,6,True,2339708.93825,2332.0,0.0,0.0,0.0,47665.0,0.0,0.0037181810418385614
1035,Hall Ltd,jacqueline71@hall.org,+1-636-918-3242x10249,Canada,3.4,1990.0,9,True,4633501.24408,4236.0,8.0,3226.13778,2.0,48370.0,0.0018885741265344666,0.0073633930278351545
1036,Harrison LLC,gbender@snyder.biz,001-459-940-1399x0490,Australia,3.5,2012.0,6,True,3174591.93265,2647.0,28.0,36906.02625,0.0,92829.0,0.010578012844729883,0.005044946978909917
1037,"Pearson, Moon and White",fwalters@harrison.com,712-356-7468x07154,Brazil,3.9,2000.0,5,True,2274006.15202,2076.0,0.0,0.0,0.0,61825.0,0.0,0.003613768544128876
1038,Hancock-Bryan,sandovalamy@brown-stone.org,001-577-403-4824x77109,Vietnam,4.0,2004.0,4,True,1528557.83946,1464.0,0.0,0.0,1.0,25330.0,0.0,0.0024291289771645095
1039,Pierce-Tran,walkermaureen@murray.com,,Australia,1.9,1997.0,1,True,547317.1346400001,455.0,0.0,0.0,1.0,20060.0,0.0,0.0008697766464122502
1040,Barton-Dickerson,sarah84@campbell.org,001-872-978-7558,Germany,3.8,2016.0,10,True,5907884.41717,4306.0,7.0,9479.03418,1.0,120847.0,0.001625638643752903,0.009388596794319637
1041,Kane-Pollard,ashleyhall@williams-garner.biz,(227)402-8951x7187,Vietnam,3.7,1983.0,1,True,233014.50907,572.0,0.0,0.0,0.0,9569.0,0.0,0.0003702982520319025
1042,Pitts-Booker,harrisontanya@hanson-sanders.com,386-357-8091x34316,United Kingdom,3.9,2015.0,1,True,310081.21455000003,267.0,0.0,0.0,0.0,40532.0,0.0,0.0004927698802708481
1043,Jackson-Evans,williamslaura@howard-jordan.com,569.922.2196x93792,Canada,4.4,2002.0,6,True,1769003.5852100002,2354.0,0.0,0.0,0.0,72968.0,0.0,0.002811236682453302
1044,"King, Scott and Smith",,664-674-3671x3695,United States,2.0,2010.0,3,True,562462.55214,1091.0,5.0,276.9876,1.0,12747.0,0.00458295142071494,0.0008938451975463711
1045,Spence Ltd,,,Canada,4.5,,7,True,2574620.67531,2805.0,1.0,1419.77545,0.0,26105.0,0.00035650623885918,0.0040914943001514326
1046,"Anderson, Browning and Murphy",ithompson@walter.com,(547)845-1712,Brazil,1.5,1977.0,4,True,2052360.48181,1410.0,10.0,16047.2037,0.0,33234.0,0.0070921985815602835,0.003261537240692976
1047,"Diaz, Gibbs and Smith",gibsonemily@baker.com,337-909-8593,Germany,3.2,2014.0,6,True,1368402.60528,2609.0,4.0,55.96528,0.0,36972.0,0.0015331544653123803,0.002174616056457078
1048,"Turner, Ortiz and Taylor",torrestravis@young.com,(275)786-9261x7964,Germany,,2022.0,5,True,1478456.31456,2054.0,0.0,0.0,1.0,56698.0,0.0,0.0023495094411594385
1049,Ramos and Sons,cory58@howard.com,513.590.0532x931,France,4.2,2019.0,2,True,469162.87732,637.0,0.0,0.0,2.0,7755.0,0.0,0.0007455767200215998
1050,Murphy and Sons,ramireztracey@fernandez.com,+1-302-305-3950x24026,United States,2.8,1989.0,9,True,2581362.47054,3456.0,39.0,31614.81865,1.0,95311.0,0.011284722222222222,0.004102208117926944
1051,West-Cox,hayesjeffrey@williams.net,470-307-6617x7115,Vietnam,4.5,1992.0,8,True,3669856.37879,3282.0,29.0,34389.09035,1.0,71008.0,0.008836075563680683,0.005832003370510392
1052,Hill Ltd,oscar98@chavez-jacobs.com,001-318-736-7365x766,Canada,3.1,1982.0,6,True,2865986.4912099997,2387.0,7.0,4392.95976,2.0,38960.0,0.002932551319648094,0.004554522344028336
1053,Edwards-Scott,gloriawells@decker.biz,352-880-9885,China,2.1,2002.0,0,False,0.0,0.0,0.0,0.0,0.0,0.0,,0.0
1054,Russo-Pugh,uparrish@schmitt.com,(319)683-2731x585,Brazil,1.5,1987.0,2,True,610210.3388400001,776.0,10.0,0.0,1.0,18327.0,0.01288659793814433,0.0009697242577129232
1055,"Perez, Patterson and Hoffman",lynchdiane@adams.com,850-922-9612x01836,Mexico,4.2,2022.0,7,True,2757282.6244,3014.0,20.0,18348.25608,0.0,110581.0,0.006635700066357001,0.004381774080284986
1056,Moore-Collins,kimberly99@ware.com,,Germany,2.3,1982.0,6,True,3928198.22452,2701.0,7.0,13813.5753,0.0,35636.0,0.00259163272861903,0.006242550912302205
1057,Rodriguez-Gregory,trose@walker.com,2349324451,China,2.3,2010.0,6,True,2279672.43776,2216.0,0.0,0.0,2.0,66270.0,0.0,0.0036227732010208854
1058,"Jordan, Anderson and Patel",vincentwhitaker@jones-hensley.com,(707)415-9696x64160,France,4.0,2011.0,8,True,2614135.6479,2865.0,31.0,39758.47452,1.0,92150.0,0.010820244328097731,0.004154290069125501
1059,"Stevens, Norris and Cox",prichard@chapman-warren.biz,453-552-1818x8355,Canada,1.8,2013.0,9,True,5349813.51202,4691.0,53.0,62758.35861,3.0,131868.0,0.011298230654444682,0.008501730643745185
1060,Thomas and Sons,carriewolf@jones.info,001-699-279-9552x71774,Japan,3.0,2022.0,3,True,913736.51591,1541.0,0.0,0.0,0.0,18628.0,0.0,0.001452077108887448
1061,Romero-Collins,xjohnson@jones-lin.com,+1-998-467-9807x935,United Kingdom,1.4,1990.0,14,True,5802166.13552,6275.0,38.0,25422.5674,3.0,121757.0,0.006055776892430279,0.009220593114810344
1062,Hayes LLC,wagnergerald@zimmerman.net,392.855.4665x90515,Germany,3.4,2004.0,9,True,4291020.64494,3724.0,6.0,10451.74896,1.0,100097.0,0.001611170784103115,0.006819135214351606
1063,King-York,mathewaguilar@rangel.biz,(391)848-6528,Vietnam,2.5,1984.0,6,True,2281051.71641,2311.0,5.0,4883.868,0.0,47123.0,0.0021635655560363477,0.003624965100895268
1064,"Cox, Cox and White",matthewmiranda@perez.com,441-888-8059,United States,4.1,2019.0,9,True,2591486.9639,3700.0,59.0,39273.47376,0.0,71487.0,0.015945945945945946,0.004118297597542954
1065,Martin Ltd,jenniferwilliams@rhodes-young.info,+1-947-638-3473x597,United States,4.2,2010.0,2,True,634800.16239,691.0,0.0,0.0,0.0,1857.0,0.0,0.0010088015182435216
1066,Shaw-Barnes,lisasolis@salas.info,(881)381-4124x782,Japan,3.0,2010.0,6,True,3127384.45871,2905.0,0.0,0.0,1.0,63662.0,0.0,0.004969926564290276
1067,Velasquez LLC,perryrandy@young-vang.com,905.415.2204,India,4.4,2008.0,1,True,474581.84886,298.0,0.0,0.0,0.0,10415.0,0.0,0.0007541883541085991
1068,"Harrison, Gilbert and Bullock",scottmary@bentley.com,,Germany,2.3,1980.0,7,True,4373227.03825,3179.0,15.0,29661.3642,0.0,42961.0,0.004718464926077383,0.006949774649080521
1069,"Herrera, Chen and Andrews",kellysmith@allen-butler.com,651.288.8880x67065,Germany,2.6,2001.0,3,True,1220014.56262,1195.0,12.0,14479.33316,0.0,24381.0,0.0100418410041841,0.001938803132022718
1070,Kramer-Cooper,ingramjill@anderson-bell.com,+1-227-772-2170x4303,France,,2023.0,3,True,1681676.0449499998,972.0,0.0,0.0,0.0,7755.0,0.0,0.0026724589057320713
1071,Robertson-Hays,,615-366-7652x775,Japan,4.0,2001.0,6,True,2305284.05681,2515.0,16.0,16566.22692,0.0,53666.0,0.006361829025844931,0.0036634742620997593
1072,"Coleman, Jordan and Carney",amymorris@murphy.com,296.327.5705x964,Mexico,1.9,2002.0,4,True,1833270.45121,1481.0,6.0,5265.7941,0.0,34219.0,0.004051316677920324,0.0029133672675329607
1073,"Walsh, Cox and Owen",stephaniethomas@gregory.com,001-455-769-0927x55719,France,2.6,2004.0,6,True,3677219.24759,2615.0,0.0,0.0,1.0,98381.0,0.0,0.005843704175998694
1074,Edwards-Ramirez,johnsonjacob@hughes.com,001-973-394-7312x172,Australia,3.4,1980.0,2,True,492900.51184,1136.0,0.0,0.0,0.0,19165.0,0.0,0.0007832997124876506
1075,"Ponce, Downs and Contreras",piercekelly@york-joseph.com,(783)913-2370x589,India,1.8,2023.0,5,True,1862387.12853,2241.0,25.0,3892.57783,2.0,21259.0,0.011155734047300312,0.002959638440772795
1076,"Anderson, Henson and Jones",ukey@fox-hammond.org,425-417-7852,China,2.0,1976.0,4,True,1644668.85836,1548.0,9.0,17114.11164,0.0,7827.0,0.005813953488372093,0.0026136484198031515
1077,Shaw-Oneill,holmeskevin@morris.com,(384)414-3842x498,United States,4.1,,5,True,2339744.73715,2338.0,15.0,30058.19838,1.0,40124.0,0.00641573994867408,0.003718237932159029
1078,"David, Moore and Hopkins",megan90@miller.org,,Germany,2.9,1988.0,5,True,2885702.20656,2083.0,0.0,0.0,1.0,75120.0,0.0,0.004585853847636424
1079,Jones-Brown,dperry@peterson.com,001-355-662-5881x537,China,3.4,1982.0,5,True,1805229.30515,2273.0,3.0,251.5284,0.0,23698.0,0.0013198416190057193,0.002868805289772726
1080,Wright-Davis,sonia96@estes.com,001-953-227-8774,India,3.3,1999.0,3,True,378463.27953000006,1202.0,9.0,8233.866,1.0,42124.0,0.0074875207986688855,0.000601440191117539
1081,Landry PLC,nlevy@gomez.info,580-716-2456x5060,Mexico,4.3,2019.0,5,True,688482.3035800001,1857.0,20.0,13311.11664,1.0,28781.0,0.010770059235325794,0.0010941112404892516
1082,"Roberts, Hughes and Cole",marcia99@anderson.biz,(258)452-3986x800,Vietnam,4.9,1997.0,3,True,1505709.5531,1229.0,0.0,0.0,1.0,7046.0,0.0,0.002392819304711921
1083,"Cook, Wells and Bryant",markaustin@long.com,001-258-788-7947,Vietnam,2.4,2006.0,7,True,2300547.19967,2885.0,10.0,5239.7994,1.0,55743.0,0.0034662045060658577,0.0036559466196105965
1084,Nunez-Whitney,laura09@baker-rios.org,001-430-597-2896,Brazil,3.8,2021.0,4,True,804309.15861,1341.0,0.0,0.0,0.0,33943.0,0.0,0.0012781791001566375
1085,Armstrong Ltd,leescott@hernandez-vaughn.biz,997.702.8385x78652,Vietnam,3.2,2002.0,3,True,605207.79745,1279.0,4.0,2422.28505,0.0,23514.0,0.003127443315089914,0.0009617743993979726
1086,"Gomez, Ingram and Le",chelsea33@grant-walker.com,001-843-775-7584x41986,Australia,4.3,2003.0,5,True,1251784.42628,2014.0,0.0,0.0,2.0,62348.0,0.0,0.0019892906532828457
1087,Roberts LLC,reedscott@burgess-lewis.net,584-221-9933x083,Japan,2.3,1995.0,5,True,2169384.2950999998,1700.0,14.0,24534.681239999998,0.0,87346.0,0.00823529411764706,0.003447507263247995
1088,Gutierrez Ltd,xgarcia@smith.com,(877)434-5401x93802,Germany,3.8,1975.0,4,True,1765830.2530599998,1534.0,24.0,24290.9508,0.0,20775.0,0.01564537157757497,0.0028061937374755336
1089,Osborn Group,vlopez@mcdowell-smith.org,+1-515-347-8872x874,Germany,4.0,2016.0,4,True,1394287.84176,1461.0,3.0,2489.96484,1.0,25660.0,0.002053388090349076,0.0022157519404852133
1090,Martin-Stevens,jennifer05@bradley-todd.com,,Japan,1.9,1994.0,4,True,1578472.61405,1703.0,24.0,31584.6825,0.0,40543.0,0.014092777451556078,0.0025084517363137726
1091,Reyes-Griffin,stephanie49@berry.com,6177426841,Brazil,2.7,1996.0,10,True,4460924.20729,4295.0,16.0,22309.766,2.0,85921.0,0.0037252619324796275,0.007089139826524912
1092,"Walker, Bernard and Mendoza",madkins@perry-dunn.info,001-583-439-1878x51910,Japan,1.5,1982.0,4,True,1084206.18374,1785.0,16.0,13991.97444,0.0,25802.0,0.008963585434173669,0.0017229813554678391
1093,Murphy PLC,nwilson@aguilar.com,628.267.9087x406,Mexico,2.9,2023.0,5,True,1681839.72619,2838.0,0.0,0.0,0.0,35955.0,0.0,0.002672719022054031
1094,"Robinson, Jones and Henderson",weaverbrian@andersen.com,762-326-5676x6182,China,2.2,,1,True,456399.62279999995,336.0,5.0,7623.5115,0.0,1661.0,0.01488095238095238,0.0007252938163609762
1095,Haney Group,jessicawalker@avila.info,,Canada,1.2,1983.0,2,True,859580.9594299999,950.0,0.0,0.0,0.0,19741.0,0.0,0.0013660150521408673
1096,Harris Inc,griffinemily@sanchez.biz,,Japan,2.1,1996.0,6,True,1629018.529,2174.0,17.0,19439.68939,0.0,55188.0,0.0078196872125115,0.0025887774809553454
1097,Walter-Odom,roberthill@fry.biz,-9691,United States,2.6,2015.0,6,True,3276869.92364,2880.0,10.0,5509.1088,0.0,59878.0,0.003472222222222222,0.005207483472607631
1098,White-Medina,melissaturner@thomas.biz,(588)226-3435x17518,India,5.0,2023.0,6,True,2438282.60138,2267.0,15.0,26899.07976,0.0,36319.0,0.0066166740185266875,0.003874830751331351
1099,Bennett-Jacobs,russojacob@ramsey.com,603-831-7393x6385,Australia,3.1,2003.0,3,True,1380201.68177,1204.0,0.0,0.0,1.0,41593.0,0.0,0.0021933667231742527
1100,Ferguson-Howard,michael77@lang.info,001-853-655-6093x20489,Australia,3.5,2022.0,5,True,2437038.76188,1815.0,10.0,6817.14016,0.0,39436.0,0.005509641873278237,0.003872854086468307
1101,Gonzalez and Sons,phudson@pierce-harding.com,277-272-5228x728,Germany,1.7,1975.0,6,True,2088676.93324,2475.0,14.0,7297.2009,0.0,18632.0,0.0056565656565656566,0.0033192500352232537
1102,Landry Ltd,duranrobert@hall.net,250.299.7700x886,Mexico,1.9,2019.0,5,True,2213784.70275,1995.0,19.0,10909.635760000001,2.0,26158.0,0.009523809523809525,0.00351806678938188
1103,"Bowen, Nichols and Mitchell",ldrake@hull.com,739.884.5461,United Kingdom,3.5,1987.0,5,True,1465836.74833,2483.0,1.0,1224.0774,0.0,61545.0,0.0004027386226339106,0.0023294548817458616
1104,Cunningham-Branch,kevinclayton@valdez.com,366-968-7002,Canada,2.1,1978.0,5,True,2621964.8982100002,2353.0,10.0,3743.9521,0.0,99857.0,0.004249893752656183,0.004166732031285215
1105,Newman-Rivera,jacobsonsamantha@lewis.org,440.814.8902x5039,China,4.7,2004.0,5,True,2777983.23102,2650.0,2.0,2295.54366,0.0,29538.0,0.0007547169811320754,0.004414670737570319
1106,Evans PLC,ashleyatkinson@mosley.com,001-818-750-1631x599,Mexico,3.2,,3,True,2136969.8952,1664.0,0.0,0.0,0.0,27322.0,0.0,0.0033959954682463065
1107,Walters Group,jperez@reynolds-frazier.biz,494-831-1426,France,1.1,2018.0,2,True,508627.85974,582.0,0.0,0.0,0.0,3828.0,0.0,0.0008082930464208525
1108,Ward-Davis,sean41@miller.info,,Australia,4.1,,5,True,3038529.99042,2001.0,3.0,3568.15212,1.0,37565.0,0.0014992503748125937,0.004828722248626282
1109,Smith-Gutierrez,hardyanita@armstrong.biz,(824)644-7212,India,1.7,2015.0,6,True,2170374.04761,2380.0,10.0,14034.7142,0.0,40908.0,0.004201680672268907,0.003449080142232484
1110,Evans-Patton,johnathan37@jensen.com,(559)965-7569x2459,United Kingdom,1.4,2001.0,3,True,1010304.22309,1038.0,23.0,14926.51764,1.0,17527.0,0.022157996146435453,0.0016055390255474973
1111,Thompson-Sanders,kelly79@nguyen.biz,(619)339-8280x737,China,,1980.0,6,True,3706328.3669,3395.0,7.0,9313.86106,1.0,39893.0,0.002061855670103093,0.005889963338321685
1112,Chambers-Taylor,john26@jones-ewing.info,001-368-386-8058,Brazil,4.5,1975.0,3,True,690358.51987,1504.0,6.0,1141.12968,0.0,26934.0,0.003989361702127659,0.0010970928557345581
1113,Sandoval LLC,deborahwilliams@byrd.biz,,Canada,3.1,2006.0,0,False,0.0,0.0,0.0,0.0,0.0,0.0,,0.0
1114,Myers-Barton,michaeljohnson@phillips.com,001-925-745-7387x5717,United States,2.8,,4,True,1625867.8143,1739.0,0.0,0.0,1.0,19116.0,0.0,0.0025837704788132135
1115,Evans Ltd,johnsonmatthew@byrd.com,228.525.8673x62266,Vietnam,1.6,2010.0,6,True,3817163.1621000003,2787.0,8.0,14496.6738,0.0,62064.0,0.0028704700394689632,0.006066097996591161
1116,Vargas-Price,jamiegoodwin@ray.com,(853)371-4785x969,Germany,1.5,2006.0,7,True,2975130.1455099997,2338.0,11.0,5877.83799,2.0,53516.0,0.004704875962360992,0.004727969502185869
1117,Bell-Ellis,lisamccarthy@sellers-lawrence.com,813-841-2528x66929,China,4.3,1990.0,2,True,719672.1062800001,879.0,9.0,16672.23,0.0,31186.0,0.010238907849829351,0.0011436769497969082
1118,Tucker PLC,angelaburns@lopez.org,9508723688,India,4.5,1992.0,3,True,1194130.31555,1287.0,16.0,26848.505599999997,0.0,5654.0,0.012432012432012432,0.0018976688203292623
1119,"Vasquez, Mckinney and Wallace",christopherjohnson@carter.com,-8901,France,,2021.0,9,True,4989135.31773,4206.0,54.0,88198.03997,2.0,35543.0,0.012838801711840228,0.007928553868510612
1120,"Morrow, Richardson and Carson",wolfscott@fritz.com,807-445-1713x3959,Australia,4.5,2005.0,4,True,1743161.60388,1550.0,2.0,33.04476,1.0,16711.0,0.0012903225806451613,0.0027701695379491573
1121,"Taylor, Clark and Clark",hudsonamanda@ryan.com,001-448-512-6042,Canada,4.7,2019.0,4,True,1469998.35424,1691.0,19.0,5552.60268,0.0,37597.0,0.011235955056179775,0.0023360683557319627
1122,Dawson and Sons,kburns@adams.com,(884)557-7590x1751,France,1.2,2020.0,6,True,1225111.70402,2438.0,0.0,0.0,2.0,24681.0,0.0,0.001946903325260953
1123,Summers-Simpson,maria58@anderson.com,8175012770,France,4.3,2006.0,6,True,3106456.93127,1939.0,0.0,0.0,0.0,86600.0,0.0,0.004936669292623757
1124,"Blankenship, Khan and Turner",clarence54@watson.com,9643361103,India,4.5,2008.0,7,True,2674355.74901,2597.0,25.0,24803.98192,3.0,48269.0,0.009626492106276472,0.004249989681425258
1125,Wheeler PLC,ssmith@montoya-mcneil.biz,001-427-813-6111x554,United States,1.6,1991.0,5,True,1613722.05477,2100.0,16.0,16091.236,1.0,14455.0,0.007619047619047619,0.0025644688759151398
1126,May Ltd,caseyelliott@santos.com,,Mexico,2.3,2009.0,4,True,1544767.72844,1564.0,9.0,9474.30432,2.0,31816.0,0.005754475703324808,0.0024548891479748256
1127,"Miller, Tran and Greene",kimberly04@holmes.com,001-264-703-7613x7918,Brazil,3.0,2014.0,3,True,431828.27373,1157.0,0.0,0.0,0.0,37234.0,0.0,0.0006862459148075441
1128,Anderson-Valencia,rdiaz@farmer.com,001-610-843-0068,Vietnam,1.9,1981.0,6,True,2788750.53395,2233.0,34.0,55802.38188,0.0,79338.0,0.01522615315718764,0.0044317817469662155
1129,Miles-Miller,joshuacollins@mccall.com,(291)646-3031x6179,Mexico,3.8,1977.0,2,True,1358088.67183,1024.0,9.0,21341.66067,1.0,15443.0,0.0087890625,0.002158225525483914
1130,"Harmon, Yang and Wilson",jacquelinemartin@mills-logan.com,(352)641-0564,United States,2.6,1986.0,2,True,755278.7588,697.0,10.0,14547.2514,0.0,19132.0,0.014347202295552367,0.0012002617575047508
1131,"Proctor, Burton and Crawford",brian92@moore-ayala.org,+1-213-880-0030x75622,United Kingdom,3.0,1989.0,4,True,1108239.40436,1627.0,0.0,0.0,0.0,30726.0,0.0,0.0017611740827010159
1132,Morris Group,joseph19@wilson-nunez.com,(738)306-1744,China,4.6,1993.0,6,True,3718273.6103499997,2913.0,21.0,35157.4944,2.0,56066.0,0.007209062821833162,0.005908946288298854
1133,"Bryant, Wood and Carter",jodi37@vargas-snyder.com,001-883-620-6038x5050,India,2.2,2019.0,5,True,2565887.98469,1851.0,2.0,1035.3024,0.0,70533.0,0.0010804970286331713,0.0040776166232418375
1134,Harris and Sons,dvasquez@dawson.com,486.857.1918,China,2.9,2011.0,8,True,3501993.18758,2973.0,12.0,23915.05236,0.0,113080.0,0.004036326942482341,0.00556524124254828
1135,Vargas Inc,ibates@carter.biz,001-355-474-3132x912,China,4.9,,9,True,3822740.15651,3798.0,2.0,3153.84576,0.0,81691.0,0.000526592943654555,0.006074960754922635
1136,Owens-Russell,tami37@ford-phelps.com,(749)803-5213,Vietnam,4.6,1993.0,3,True,683701.4992,974.0,9.0,1565.45055,0.0,70391.0,0.009240246406570842,0.0010865137586316361
1137,"Williams, Evans and Wilkins",anthonysullivan@hawkins-pierce.com,612.310.0323x651,Germany,3.5,2021.0,3,True,1249385.99644,1081.0,0.0,0.0,0.0,18991.0,0.0,0.001985479155102248
1138,Osborn and Sons,flamb@martinez-dunlap.com,(796)567-0662,Vietnam,4.6,1994.0,3,True,904673.2326999999,1534.0,1.0,563.60305,1.0,12123.0,0.000651890482398957,0.0014376740661596456
1139,Hill Group,austinharvey@holland.biz,-7046,United States,2.3,1987.0,4,True,1408041.62864,2387.0,0.0,0.0,1.0,71452.0,0.0,0.0022376089624398135
1140,Casey-Howard,kcooper@morris.org,404.307.8593,Canada,3.0,1985.0,5,True,1335364.07315,1544.0,18.0,13519.60915,1.0,16035.0,0.011658031088082901,0.0021221124130304638
1141,Sandoval LLC,gallagherstacie@bradford.com,(439)555-9059,Japan,4.5,2004.0,9,True,3557424.88657,3607.0,0.0,0.0,2.0,123744.0,0.0,0.0056533312989360965
1142,Weaver-Thompson,davisjesse@smith.com,793-325-2500x29218,India,3.7,2010.0,4,True,2789783.24284,1842.0,23.0,27047.55746,1.0,78197.0,0.01248642779587405,0.004433422890680189
1143,Bush-Bates,,+1-452-289-5392x6442,France,2.8,2018.0,5,True,2620813.72787,2378.0,0.0,0.0,0.0,31904.0,0.0,0.004164902632908288
1144,"Fry, Myers and Gamble",whitelucas@walker.com,713-655-2157x04331,France,1.4,1976.0,4,True,1076638.03638,1500.0,26.0,6351.18028,0.0,52092.0,0.017333333333333333,0.0017109543286972187
1145,Le Inc,akim@wilkerson.biz,(286)717-9327x104,Canada,3.6,2004.0,5,True,2172505.20137,2150.0,7.0,5609.43495,1.0,24656.0,0.0032558139534883722,0.0034524668949084823
1146,Lynn-Jones,pamelamartin@payne.com,+1-597-506-2962x015,China,,2006.0,8,True,2369934.52539,3601.0,27.0,31869.37663,0.0,37982.0,0.007497917245209664,0.003766214454561447
1147,Terry-Bowen,donna43@williams.net,520.450.6149x7310,Germany,3.7,2009.0,2,True,624342.28224,654.0,10.0,5973.7065,0.0,33764.0,0.01529051987767584,0.0009921822323674615
1148,"Carter, Miller and Anthony",kristen77@baker.com,(452)370-4774x3490,Mexico,3.6,2014.0,4,True,1449201.07308,1664.0,0.0,0.0,0.0,24406.0,0.0,0.0023030180667551053
1149,Barnett PLC,,(487)393-7416x08989,China,2.8,1998.0,6,True,2294002.72444,2648.0,0.0,0.0,0.0,108859.0,0.0,0.00364554637566095
1150,Thompson-Joyce,lindseymartinez@miller-vega.com,+1-929-245-1168x6854,Vietnam,3.6,1992.0,4,True,751005.54329,1867.0,15.0,1646.03418,0.0,53228.0,0.008034279592929834,0.001193470917568542
1151,"Dean, Mills and Barnes",khernandez@aguilar.com,001-914-285-6467,United Kingdom,3.6,,3,True,1196968.5828300002,1277.0,0.0,0.0,0.0,28974.0,0.0,0.001902179292302781
1152,Hill and Sons,vwilliams@young.com,6549447132,Brazil,3.3,2023.0,3,True,1821688.8965099999,1557.0,12.0,10268.716250000001,1.0,11147.0,0.007707129094412331,0.0028949622785975565
1153,Adams-Butler,lopezjason@figueroa-malone.com,2824148628,Australia,2.3,,6,True,2621744.31592,2768.0,9.0,11906.21223,0.0,74388.0,0.0032514450867052024,0.004166381489867248
1154,Golden and Sons,wrightstephen@bush-hill.info,761.403.5797x27985,India,1.4,,6,True,2044715.13293,2548.0,4.0,360.8044,1.0,53637.0,0.0015698587127158557,0.003249387528051745
1155,Curry-Barker,anthony02@chan.com,,Germany,4.0,2022.0,6,True,2553425.32628,2706.0,31.0,28865.053359999998,1.0,48414.0,0.011456023651145602,0.004057811416075501
1156,Woodard-York,dking@byrd-holloway.biz,001-610-385-8994,Japan,1.4,,10,True,4853447.14707,4021.0,18.0,13318.98716,0.0,62372.0,0.004476498383486694,0.007712923122522556
1157,Brown-Mcneil,michelle44@hernandez.com,+1-565-720-7446x660,Vietnam,4.9,2005.0,5,True,1271211.26745,1341.0,21.0,11249.5988,0.0,35352.0,0.015659955257270694,0.0020201630884649456
1158,"Reeves, Parks and Little",qknox@romero-bruce.net,(341)572-4825,France,4.6,1980.0,7,True,3318340.9864,2657.0,7.0,14470.25006,2.0,68540.0,0.0026345502446368085,0.0052733877895157245
1159,Walker-Savage,vfrench@green-carter.com,809.299.1738x1684,India,3.2,2013.0,2,True,643511.28062,722.0,0.0,0.0,1.0,342.0,0.0,0.0010226449130891328
1160,Taylor and Sons,robert97@stewart.com,001-917-352-5007x43292,Japan,4.2,2016.0,9,True,4179862.85033,3744.0,36.0,41188.00034,2.0,86430.0,0.009615384615384616,0.006642487257071663
1161,Mendez Ltd,epowell@smith-ferguson.com,6584300335,Canada,2.8,1996.0,4,True,963674.29124,1836.0,13.0,0.0,1.0,21965.0,0.007080610021786492,0.001531436419982989
1162,Reyes PLC,gary04@bryant-meyer.net,,France,2.7,1998.0,5,True,1893200.59894,2220.0,27.0,43995.511510000004,0.0,16566.0,0.012162162162162163,0.0030086060963810217
1163,Richardson Ltd,brooksdanielle@dean.com,,Vietnam,4.3,1981.0,6,True,3194087.2490100004,2505.0,8.0,6802.1558,2.0,51400.0,0.0031936127744510976,0.005075928232393787
1164,Stanley-Bates,cindy26@hunt.com,411-273-9348x3564,Brazil,3.3,1996.0,9,True,3376742.4885400003,3085.0,5.0,747.969,1.0,91882.0,0.0016207455429497568,0.005366197349936629
1165,"Crawford, Clark and Fitzpatrick",jimmy01@conley.info,(618)911-4374,France,4.0,,7,True,3552663.3159600003,3809.0,26.0,13605.3628,2.0,114536.0,0.006825938566552901,0.005645764382691925
1166,Garcia and Sons,phelpsmichael@edwards.com,7227557941,China,3.3,2017.0,7,True,1833390.07853,2890.0,10.0,12219.95366,1.0,19678.0,0.0034602076124567475,0.00291355737495446
1167,Wilson Group,ynelson@jefferson.com,920-421-6979,United Kingdom,3.3,2010.0,11,True,5171940.70139,4916.0,27.0,46066.85504,3.0,58115.0,0.005492270138323841,0.008219061589688539
1168,"James, Howard and Johnson",timothyfreeman@alexander-brown.com,3898935889,Australia,1.1,2019.0,6,True,2113836.03181,2557.0,26.0,20947.812790000004,0.0,14166.0,0.010168165819319515,0.0033592319670795686
1169,"Barber, Olson and Alvarado",jhernandez@brown.info,821.575.3540x8386,India,2.4,1984.0,3,True,1214300.32801,1276.0,3.0,0.0,1.0,10238.0,0.0023510971786833857,0.001929722276516216
1170,Stevens PLC,fmiller@stewart-hooper.com,666-508-8019,France,4.9,2008.0,6,True,4304579.67626,2797.0,0.0,0.0,0.0,43369.0,0.0,0.006840682737795881
1171,"Powers, Clements and Cox",velasquezmegan@castro-harvey.info,001-757-311-3055x488,France,2.2,2011.0,8,True,1916193.27182,2835.0,26.0,5513.612480000001,1.0,31723.0,0.009171075837742505,0.003045145222682584
1172,Prince Group,lydianewton@rodriguez-carr.com,363-973-5160,United States,2.1,2006.0,2,True,188189.30525,750.0,15.0,4757.22764,1.0,11474.0,0.02,0.00029906365514878165
1173,Barrett-Blanchard,tamarasmith@williams.info,529.622.1699x58669,France,1.5,1993.0,8,True,4897859.890310001,2926.0,2.0,2140.29234,1.0,65446.0,0.000683526999316473,0.007783502251931075
1174,Stuart-Waller,iballard@morrison-tanner.net,785-383-3394x5228,Australia,1.2,,9,True,3638080.43973,2992.0,19.0,26713.8648,1.0,107850.0,0.006350267379679145,0.00578150619444375
1175,Hart-Aguilar,icraig@rich-henderson.com,610.562.0034x24420,Germany,2.2,2006.0,6,True,3446437.7622300005,2999.0,21.0,24742.17246,1.0,47610.0,0.007002334111370457,0.005476954564692466
1176,"Johnson, Cervantes and Garcia",juliahoffman@dixon.com,001-906-566-5800x439,India,4.3,1979.0,3,True,2055416.7860599998,1211.0,3.0,5589.81,1.0,19728.0,0.002477291494632535,0.0032663942091537366
1177,"Bush, Holland and Fischer",kimberlybrandt@cole-lucero.com,,Mexico,4.7,2011.0,4,True,987544.40815,1815.0,5.0,0.0,0.0,39935.0,0.0027548209366391185,0.0015693699486840486
1178,Silva LLC,riverajenna@williams.org,5944798515,France,,1995.0,5,True,2189988.631,1904.0,20.0,31493.016900000002,1.0,23092.0,0.01050420168067227,0.003480250930577982
1179,"Jones, Wagner and Perry",odavis@alvarado.com,539-287-8015x7399,Australia,2.4,1981.0,5,True,2049887.25909,2001.0,24.0,29412.8848,0.0,80900.0,0.01199400299850075,0.003257606884365566
1180,"Blackwell, James and Hogan",cruzamber@johnson-black.com,,Australia,4.5,1989.0,3,True,1341913.59436,1051.0,24.0,11937.35189,0.0,20661.0,0.022835394862036156,0.002132520675869497
1181,Santiago and Sons,nhouston@poole.biz,+1-312-507-5011x0248,India,1.8,1997.0,4,True,1580084.21982,1438.0,10.0,4091.1129,0.0,40265.0,0.006954102920723227,0.0025110128420662743
1182,Russell-Hayes,bhamilton@nunez-nichols.org,390-615-8144,Vietnam,1.6,2013.0,7,True,3103470.73168,2182.0,11.0,11037.74172,0.0,78189.0,0.005041246562786435,0.004931923731959708
1183,James-Short,wellsamanda@francis.com,+1-824-350-8821x0099,Vietnam,3.5,2011.0,5,True,1894256.35584,2173.0,18.0,9219.50784,1.0,50828.0,0.008283479061205707,0.0030102838671610516
1184,Clark-Figueroa,jason82@white.com,612.390.8781,Japan,3.6,1995.0,11,True,4322973.00692,4112.0,18.0,30177.63996,1.0,122563.0,0.004377431906614786,0.0068699127553584205
1185,Garcia-Swanson,wlynn@lambert.com,791-735-7759x4929,Vietnam,2.9,1992.0,6,True,2282172.9718,1906.0,0.0,0.0,0.0,90418.0,0.0,0.0036267469595128088
1186,Jackson-Edwards,jenniferdavidson@larsen-taylor.com,577.654.7812x9142,Brazil,2.8,1993.0,4,True,1519180.8899800002,1839.0,2.0,4498.11528,0.0,26065.0,0.001087547580206634,0.002414227467315643
1187,"Mercado, Jones and Jones",atkinsoncrystal@riley.com,-3697,United Kingdom,3.2,1977.0,8,True,4095238.38857,2821.0,5.0,10834.6836,0.0,52677.0,0.001772421127259837,0.006508005115191585
1188,Mason-Davis,wayne39@martin.com,001-392-675-0373,Australia,2.9,1978.0,2,True,242643.82228,685.0,6.0,2732.52924,0.0,31232.0,0.008759124087591242,0.0003856008092166979
1189,Young-Barnett,paul70@hooper.com,,Brazil,,2020.0,7,True,3225239.30217,2891.0,4.0,3173.54246,0.0,49229.0,0.0013836042891732965,0.0051254339514942545
1190,Kaufman-Walker,wgomez@sparks-eaton.com,327.523.1843x22259,Japan,2.5,1999.0,1,True,343092.95127,298.0,3.0,3879.97749,0.0,0.0,0.010067114093959731,0.0005452309413985098
1191,Shepherd-Cortez,eleonard@garza.biz,,Brazil,3.5,1996.0,1,True,459827.95516,321.0,0.0,0.0,1.0,178.0,0.0,0.0007307419984735804
1192,Jackson and Sons,kgreene@smith.com,437-497-7236,Vietnam,4.4,2013.0,5,True,1692687.02493,1924.0,8.0,3150.21824,2.0,19317.0,0.004158004158004158,0.0026899571579054047
1193,"Keller, Baker and Ramsey",sandra99@hall.com,403-988-6291,Brazil,4.7,2016.0,6,True,2955462.8437200002,2451.0,0.0,0.0,0.0,21468.0,0.0,0.00469671493566086
1194,"Greene, Rich and Schmidt",davisdonna@ryan.biz,465.608.6376x59916,France,1.3,2016.0,5,True,2070725.04827,1796.0,15.0,541.73816,2.0,70785.0,0.008351893095768375,0.003290721547226518
1195,Cannon-Kent,campbellnancy@scott-smith.com,001-781-380-6356,India,3.7,2016.0,7,True,1315205.68214,2172.0,24.0,17131.14012,2.0,45075.0,0.011049723756906077,0.002090077425232617
1196,Simmons PLC,jose86@diaz.com,(488)372-5887x44956,Canada,1.7,2006.0,11,True,4105531.14872,4969.0,21.0,4758.56492,1.0,84096.0,0.004226202455222379,0.006524361998320196
1197,"Hall, Logan and Avery",lewisrichard@owen-mendez.com,(360)612-7961,India,3.0,2022.0,6,True,2779876.4843,2496.0,15.0,15298.72354,1.0,49687.0,0.006009615384615385,0.004417679427385541
1198,Wood PLC,ramseysarah@mendez-meyer.org,2275703843,United States,3.4,1986.0,2,True,557187.65355,965.0,0.0,0.0,0.0,14418.0,0.0,0.0008854625189942138
1199,"Jackson, Johnson and Allen",cantrellchristopher@chan-gomez.biz,(693)580-1184x8955,Australia,2.8,2018.0,6,True,3289155.1376,2909.0,8.0,10213.437510000002,0.0,30440.0,0.002750085940185631,0.005227006691455171
1200,"Mccarty, Gibson and Powell",greenrichard@hansen.com,918-248-9476x97357,Japan,4.1,1990.0,3,True,1207086.98174,1692.0,10.0,2454.2742,0.0,15896.0,0.00591016548463357,0.0019182590868387034
1201,Wilson-Jones,ericahall@gutierrez-gomez.net,4439416518,Japan,3.7,2003.0,7,True,2020489.48496,2774.0,3.0,1874.91795,0.0,37678.0,0.0010814708002883922,0.003210889002215586
1202,Gomez-Shannon,ian37@gonzalez.com,933.295.2111,China,2.7,1987.0,7,True,2849368.83246,3403.0,0.0,0.0,1.0,93047.0,0.0,0.004528114160209452
1203,"Rubio, Charles and Watson",travis94@white-duran.net,,India,2.5,2020.0,3,True,1296274.48074,1149.0,0.0,0.0,0.0,12290.0,0.0,0.002059992642893257
1204,"Parsons, Bryant and Martinez",astewart@craig.org,655-994-2843,United Kingdom,4.3,1989.0,4,True,2015466.65257,1819.0,20.0,21613.351280000003,0.0,23019.0,0.010995052226498075,0.0032029068981754144
1205,"Cooper, White and Coleman",xhaynes@dickerson-ramirez.com,001-829-531-4386,Brazil,2.6,1999.0,6,True,2969720.9537,2289.0,3.0,2145.11022,1.0,78396.0,0.001310615989515072,0.004719373409692991
1206,Marsh Ltd,thomassmith@porter-cowan.net,-9706,Brazil,1.4,1996.0,7,True,1956177.7818800001,3399.0,37.0,27967.45633,1.0,44023.0,0.010885554574874964,0.0031086871636658475
1207,Lewis LLC,,-7192,India,4.3,2005.0,2,True,619463.29674,691.0,0.0,0.0,1.0,22868.0,0.0,0.0009844287246157351
1208,Kelly-Nunez,champton@james.info,,United States,3.2,2008.0,2,True,943809.95759,680.0,0.0,0.0,0.0,6793.0,0.0,0.0014998687375338082
1209,"Carter, Adams and Newman",pam59@sheppard.com,(334)913-2611,China,2.0,2014.0,4,True,2252820.99062,1505.0,8.0,10871.2216,0.0,39721.0,0.0053156146179402,0.0035801018498670305
1210,"Brown, Wise and Warren",garciachristine@pena.com,234.772.2820,United Kingdom,3.5,2020.0,7,True,3028610.35644,2556.0,8.0,14055.26096,1.0,41562.0,0.003129890453834116,0.0048129583241468534
1211,Lin-Mcdonald,,(488)645-7831x74564,France,3.3,2017.0,7,True,2831034.44079,2427.0,6.0,10219.27128,3.0,25689.0,0.002472187886279357,0.004498977806363651
1212,Smith and Sons,justin80@weeks.com,001-464-893-0853x68663,Brazil,3.0,,7,True,1941981.67017,2899.0,12.0,7044.7955999999995,1.0,62532.0,0.004139358399448086,0.0030861272150478694
1213,Walker-Miller,zacharymarsh@aguirre.net,963-512-2417x974,Japan,2.5,1997.0,3,True,523437.71043999994,1293.0,11.0,8971.98654,0.0,6573.0,0.008507347254447023,0.0008318283269016742
1214,Smith-Williams,lopezcurtis@martinez-gonzales.com,912.707.3564,Brazil,1.4,2023.0,5,True,2480306.94158,1663.0,10.0,9374.84828,2.0,42764.0,0.006013229104028864,0.003941614316788123
1215,Terry-Johnson,bridgesstephanie@adams.com,-7818,United States,4.3,2019.0,6,True,3439873.76522,2762.0,20.0,27007.379,0.0,47652.0,0.00724112961622013,0.005466523297434273
1216,Rojas Inc,stevenwise@wade.com,,India,2.8,1977.0,2,True,1072192.42508,914.0,8.0,8325.36292,0.0,6534.0,0.0087527352297593,0.0017038895235905601
1217,Smith-Bauer,fosterjohn@perkins.info,001-292-751-3271x950,United States,4.3,1977.0,8,True,4994530.07926,3963.0,8.0,14325.9112,3.0,80140.0,0.0020186727226848347,0.007937127028923073
1218,"Moore, Herrera and Rodriguez",jhall@sherman.com,6659240778,Germany,2.3,1998.0,7,True,2940542.92035,2889.0,12.0,20416.68504,1.0,51397.0,0.004153686396677051,0.004673004731663643
1219,Knight PLC,mario74@rocha.com,744.585.7086x209,France,2.5,2006.0,6,True,2372928.0456,2041.0,29.0,28815.95726,2.0,41297.0,0.014208721215090642,0.0037709716488907156
1220,Le-Barrett,rlee@cannon-moore.com,565-311-8102x20317,Brazil,4.2,1980.0,2,True,101955.66302,750.0,15.0,0.0,1.0,18491.0,0.02,0.00016202426171547105
1221,Duncan Group,sfox@scott.com,7372170586,India,2.2,2020.0,6,True,3084116.48016,2760.0,0.0,0.0,0.0,43969.0,0.0,0.0049011666536307825
1222,"Baker, Williams and Jones",christian38@garcia.net,(933)883-9288x6195,Mexico,3.9,2014.0,5,True,1512145.5665499999,1988.0,3.0,1035.85131,0.0,72632.0,0.0015090543259557343,0.0024030471851134495
1223,Jackson and Sons,qwagner@ferguson.info,(558)855-6659x398,China,1.2,2000.0,5,True,1758334.46206,1947.0,9.0,15969.80816,0.0,50201.0,0.004622496147919877,0.002794281696822037
1224,"Howe, King and Nixon",amoyer@johnson.com,404-333-5048x8899,Mexico,1.6,,5,True,1015788.6521800001,2156.0,8.0,4285.0048,0.0,12876.0,0.0037105751391465678,0.0016142546824116364
1225,Stevens and Sons,josephpreston@hall.com,001-369-631-5727,United Kingdom,,1984.0,8,True,4182554.72595,3417.0,4.0,6074.76137,2.0,63413.0,0.001170617500731636,0.006646765088700053
1226,Cross PLC,dmiller@bailey-montoya.biz,739-406-0480,Brazil,3.3,2000.0,5,True,1484451.74415,2338.0,0.0,0.0,0.0,36839.0,0.0,0.0023590371615843085
1227,Shaw-Walker,nunezwendy@mullins-johnston.com,264.862.2517,China,3.9,1999.0,6,True,1100966.59931,1912.0,1.0,544.30944,0.0,78823.0,0.0005230125523012552,0.0017496164032752477
1228,Miller-Shaw,kathleencastillo@freeman.org,789.383.3146,United Kingdom,5.0,2006.0,4,True,1046687.1794200001,1312.0,9.0,9820.60992,0.0,25477.0,0.006859756097560976,0.0016633575072657527
1229,Powers Group,michael55@rios.com,+1-279-527-0335x211,India,2.8,2018.0,5,True,1750759.0384,1560.0,4.0,3341.6104,1.0,54855.0,0.002564102564102564,0.0027822431068179423
1230,"Mcintosh, Melton and Wilkins",cooperlinda@cole-johnson.com,001-283-638-8487x9206,Brazil,3.2,1994.0,9,True,4697681.67059,3326.0,9.0,15866.50851,1.0,93436.0,0.0027059530968129887,0.007465386246395531
1231,Brown and Sons,brian01@guerrero-alvarado.com,904-363-6815,Mexico,1.7,1989.0,2,True,424826.60866,886.0,0.0,0.0,0.0,3006.0,0.0,0.0006751191212568689
1232,Gonzalez Group,williamssandra@cook-long.com,6558543840,Germany,2.4,2004.0,9,True,3430592.41303,3409.0,18.0,21936.1911,1.0,88036.0,0.005280140803754767,0.005451773707350092
1233,Raymond LLC,edwardprince@taylor.org,+1-536-439-2649x5782,Canada,1.3,2020.0,7,True,3188543.17835,3057.0,0.0,0.0,2.0,85557.0,0.0,0.0050671177952981185
1234,"Weaver, Mcbride and Huffman",haley82@forbes-daugherty.com,+1-892-851-8812x5205,Canada,3.3,1995.0,3,True,1843111.5133200001,1609.0,16.0,21507.37086,0.0,1449.0,0.009944064636420136,0.0029290063284309912
1235,Ramos-Peck,edwin31@lopez.org,499-993-9330x517,Japan,1.5,2010.0,4,True,2243598.15387,1813.0,15.0,23502.23616,0.0,46308.0,0.00827357970215113,0.0035654452504092064
1236,"Banks, White and Hughes",mtaylor@johnson.com,(233)831-2797x57366,India,4.5,2008.0,7,True,3250776.13695,3068.0,5.0,4061.4374799999996,0.0,65035.0,0.0016297262059973925,0.005166016168109019
1237,"Edwards, Carr and Newton",meyershannon@rich.net,-9879,India,4.6,1991.0,1,True,136926.32172,376.0,0.0,0.0,0.0,7975.0,0.0,0.00021759837098745657
1238,Ayala-Mitchell,robertoaustin@vaughn.info,+1-271-481-2982x6657,Canada,3.5,2016.0,8,True,4653752.8822,3374.0,13.0,26902.12626,2.0,114758.0,0.0038529934795494963,0.007395576200576411
1239,Garza-Marquez,nicoledavis@holt-meadows.com,001-811-817-5186x892,Australia,3.9,,4,True,1286782.6389199998,1905.0,4.0,842.30144,3.0,20966.0,0.002099737532808399,0.002044908550282296
1240,Tate LLC,fernandothomas@williams.info,221-923-0940x7778,United States,2.1,2011.0,6,True,3198363.00005,2564.0,7.0,9304.30242,0.0,23460.0,0.002730109204368175,0.005082723101702804
1241,Robinson Ltd,,-1251,Vietnam,3.2,1994.0,3,True,1348749.75004,1114.0,6.0,11227.35744,1.0,9646.0,0.005385996409335727,0.002143384447868182
1242,Nash Ltd,mark10@butler.com,+1-749-899-8279x50145,Vietnam,3.8,2001.0,7,True,3252050.03461,2936.0,0.0,0.0,1.0,37109.0,0.0,0.0051680406003156145
1243,Chang PLC,carterdennis@villarreal.com,001-739-601-9817x946,Germany,2.3,1997.0,8,True,2909883.99214,3470.0,11.0,2795.90472,1.0,101791.0,0.003170028818443804,0.00462428266894469
1244,"Andrews, Hanson and Ho",ostone@vasquez-white.org,843.801.0713,India,2.9,1990.0,8,True,3655272.44477,3266.0,7.0,9245.53392,0.0,47902.0,0.0021432945499081446,0.005808827108667692
1245,Cook PLC,alexharris@king-jones.com,785.901.5569x90235,United States,2.0,1985.0,4,True,1529561.77824,1147.0,5.0,8583.90266,2.0,28819.0,0.004359197907585004,0.0024307244004575256
1246,Robles-Brewer,dmoore@huang.com,249.758.8039x55124,Australia,1.6,2004.0,5,True,1634055.87334,2028.0,19.0,16502.60606,0.0,71644.0,0.009368836291913214,0.0025967826468629514
1247,Sims-Kirby,hlopez@thornton-edwards.com,,China,2.6,1990.0,3,True,1152518.0256700001,1373.0,1.0,946.35845,0.0,13384.0,0.0007283321194464676,0.0018315400703767016
1248,Strickland Inc,zhunter@stein-moore.com,384.252.1823x0768,Brazil,3.4,2018.0,4,True,2550841.75116,1684.0,0.0,0.0,2.0,30364.0,0.0,0.004053705691694871
1249,Randolph-Mcdaniel,,7949353344,Canada,1.5,1998.0,6,True,1905503.8029800002,2247.0,28.0,28565.30414,1.0,39246.0,0.012461059190031152,0.0030281579044147233
1250,"Wilson, Hernandez and Hill",mullenanita@clark.net,,Brazil,3.2,1993.0,8,True,2603638.2932,3250.0,29.0,39039.84112,2.0,70432.0,0.008923076923076922,0.004137608051718589
1251,Berger-Williams,bbrown@white-carlson.org,+1-979-354-5381x7921,Canada,4.3,2014.0,3,True,1020333.56302,1305.0,0.0,0.0,0.0,26571.0,0.0,0.001621477290765124
1252,Collins-Newman,oruiz@callahan.com,(962)955-7701x715,United Kingdom,4.8,1987.0,8,True,3352241.86473,3372.0,28.0,27071.43834,1.0,42448.0,0.00830367734282325,0.00532726184241504
1253,Campbell LLC,williamsullivan@robles.com,,France,1.5,2005.0,5,True,2122072.39495,1989.0,0.0,0.0,0.0,95351.0,0.0,0.0033723208982625007
1254,Jones-Clark,bmueller@cobb.com,001-897-319-9758x1724,India,3.5,2014.0,2,True,1431562.81635,1012.0,15.0,22638.7332,1.0,13351.0,0.014822134387351778,0.0022749879854435297
1255,"Rodriguez, Cervantes and Wise",pmurphy@brown.org,001-602-627-8469x97335,China,3.0,2011.0,2,True,1275406.7002,947.0,0.0,0.0,0.0,14718.0,0.0,0.0020268303188449035
1256,Robbins-Herman,aguilarcheryl@powell.com,-3087,United States,3.3,2021.0,6,True,2215494.6607,2009.0,14.0,9501.18411,1.0,37394.0,0.006968641114982578,0.0035207841928708737
1257,"Flores, Reyes and James",,(842)420-1027,Vietnam,4.9,2012.0,1,True,556520.6169,476.0,4.0,4326.1074,0.0,0.0,0.008403361344537815,0.0008844024884127618
1258,Taylor Group,senglish@conrad.biz,-4218,Mexico,3.1,1999.0,9,True,5001366.28567,4295.0,13.0,27023.69823,1.0,71061.0,0.0030267753201396975,0.007947990881540043
1259,"Shaw, Jenkins and Payne",arthur09@bush-wilson.info,001-912-384-7818x913,Vietnam,3.8,2003.0,2,True,1005639.33869,806.0,0.0,0.0,1.0,745.0,0.0,0.0015981257595403923
1260,"Schultz, Yates and Edwards",bergeramanda@harrison.info,001-656-654-4209,India,3.4,2022.0,1,True,412803.13668,209.0,0.0,0.0,0.0,10676.0,0.0,0.0006560118533218449
1261,Soto PLC,ashleydouglas@lamb-weber.com,312.481.4429x4440,Mexico,2.3,2008.0,4,True,2629192.13703,1518.0,2.0,3807.592,1.0,54330.0,0.0013175230566534915,0.004178217298502026
1262,"Stevenson, Hopkins and Wood",josehaynes@white-rose.com,212-692-7663x72395,India,3.7,2018.0,3,True,790344.01887,1208.0,0.0,0.0,0.0,23130.0,0.0,0.0012559862038612837
1263,Williams Group,ealvarez@vaughan.biz,742.886.0476x5801,Mexico,4.8,1994.0,2,True,819587.35758,1088.0,0.0,0.0,2.0,12079.0,0.0,0.001302458662812914
1264,"Hull, Garrison and Rogers",leah49@murray-leonard.com,001-393-385-2580x0106,China,3.8,2005.0,3,True,2106906.3961300002,1245.0,5.0,9997.0512,0.0,30523.0,0.004016064257028112,0.003348219640037088
1265,"Griffin, Robinson and Campbell",austinharvey@mays.com,+1-611-919-2692x124,Mexico,3.7,2000.0,7,True,3744335.95193,2744.0,1.0,2319.11326,1.0,87972.0,0.00036443148688046647,0.005950363621363008
1266,"Mayer, Fowler and Livingston",kayla54@norman.com,(465)904-4271x7396,India,2.4,1991.0,5,True,2898367.5693800002,1772.0,5.0,10203.59925,1.0,36743.0,0.0028216704288939053,0.00460598118533876
1267,Thomas Group,christinarodriguez@baldwin-garcia.com,894-670-7200,Germany,3.8,2014.0,9,True,3398548.19861,3314.0,17.0,2564.3784,2.0,51590.0,0.0051297525648762825,0.00540085019775912
1268,Graves Group,robertsonshelby@mendoza-powell.com,-3381,Germany,3.6,2001.0,7,True,3867341.1875799997,3442.0,10.0,5421.0528,3.0,79887.0,0.002905287623474724,0.006145839104558279
1269,Brown-Shea,diazmelissa@miller-stevens.com,+1-932-580-6346x1571,Japan,1.0,1985.0,6,True,3362288.85858,2485.0,9.0,16605.28584,0.0,35289.0,0.0036217303822937627,0.005343228162605482
1270,Johnson Inc,tracybrown@schneider.info,9054050613,Japan,4.9,,4,True,2170693.49935,1519.0,7.0,5940.02952,0.0,15981.0,0.004608294930875576,0.0034495878034137674
1271,"Riley, Buckley and Johnson",tracysmith@williams.com,+1-504-317-9291x1179,United Kingdom,,1986.0,5,True,2258042.1101599997,1925.0,36.0,48988.10416,0.0,49867.0,0.0187012987012987,0.0035883990646929566
1272,Simmons Ltd,rnguyen@gardner.com,,India,4.2,2022.0,3,True,1121168.26068,1380.0,0.0,0.0,0.0,20037.0,0.0,0.0017817201547682682
1273,"Williams, Garcia and Boone",bstrickland@miller-smith.com,,China,3.3,1996.0,3,True,1729854.87699,1252.0,4.0,6852.97536,0.0,13128.0,0.003194888178913738,0.002749022967603391
1274,"Holt, Carlson and Love",burtonkimberly@barnes-grant.com,581-695-8837,Vietnam,4.8,2004.0,6,True,2764025.7464,2496.0,6.0,6767.02622,0.0,44512.0,0.002403846153846154,0.004392490006515518
1275,Lee and Sons,kjimenez@livingston.com,(345)397-0108x22078,United Kingdom,,1996.0,9,True,3698645.0168,3902.0,25.0,21923.09639,2.0,100686.0,0.006406970784213224,0.005877753235512488
1276,Griffith PLC,robert53@nguyen.com,001-963-463-1797x0623,Australia,3.4,2000.0,6,True,1736451.84415,2037.0,0.0,0.0,1.0,27241.0,0.0,0.0027595066298345956
1277,Brooks-Ellis,crystalcantrell@rogers.org,5426177625,Canada,1.4,2005.0,3,True,2204240.64272,1285.0,0.0,0.0,0.0,13726.0,0.0,0.003502899713475311
1278,"Moore, Norton and Cisneros",,797.874.0633,Germany,2.1,2012.0,8,True,3320408.068,3557.0,20.0,11222.417,2.0,56515.0,0.0056227157717177395,0.0052766727210263945
1279,"Walker, Pennington and Shah",butlerbradley@quinn-gordon.biz,667.517.7318x06325,United States,2.9,2018.0,5,True,1749882.40202,2378.0,18.0,12031.6122,1.0,20903.0,0.007569386038687973,0.00278084998790669
1280,"Duarte, Smith and Caldwell",jacquelinehodge@silva.com,001-862-657-0165x804,Mexico,3.6,1998.0,3,True,568726.76585,1460.0,0.0,0.0,0.0,29167.0,0.0,0.0009038000599986075
1281,"Shah, Daniels and Norton",olivermatthew@robertson.com,4163579055,Germany,5.0,2019.0,3,True,988572.0084800001,751.0,0.0,0.0,0.0,14981.0,0.0,0.0015710029740587566
1282,"Fletcher, Harris and Zavala",amberbanks@crosby.com,001-335-954-8640x15577,Japan,4.3,2018.0,8,True,3327319.83723,3278.0,32.0,33032.40875,0.0,37365.0,0.009762050030506406,0.005287656655351051
1283,"Patel, Bryan and Lam",zoliver@dougherty.com,471.616.2411,United Kingdom,4.7,2010.0,6,True,1766043.19972,2543.0,13.0,5726.291,0.0,99368.0,0.005112072355485647,0.002806532144625753
1284,Terry Group,nancymeyer@johnson.com,756.770.4310x3856,Germany,3.1,1988.0,2,True,500100.68046,720.0,8.0,3021.97808,0.0,18193.0,0.011111111111111112,0.0007947419607191545
1285,Watkins-Terry,kellis@villanueva.com,437-654-0254x729,Japan,4.2,2007.0,3,True,1312080.0078,1161.0,17.0,14809.16544,0.0,19565.0,0.014642549526270457,0.00208511021632729
1286,Mcpherson Ltd,evanwilson@andrews-alexander.com,(438)605-5257,Australia,4.2,2000.0,5,True,2403535.38475,2323.0,0.0,0.0,0.0,32629.0,0.0,0.0038196117281365446
1287,Knapp Group,dmack@moore-cordova.net,354.674.9297x51702,United States,3.8,1978.0,3,True,1445815.6682099998,1078.0,0.0,0.0,1.0,3790.0,0.0,0.0022976381034610395
1288,Morales and Sons,uhoward@franklin.org,234.730.1871x86375,United Kingdom,4.1,2021.0,4,True,1878856.91844,1531.0,0.0,0.0,0.0,13888.0,0.0,0.0029858116367653823
1289,Hernandez-Nash,paul04@bell-madden.net,437-367-4266,France,2.8,1999.0,6,True,2598499.6333999997,2262.0,3.0,0.0,1.0,57261.0,0.001326259946949602,0.004129441878936811
1290,Clark Group,carl96@smith.com,(628)979-2326x48704,Vietnam,1.5,1982.0,5,True,1329292.89545,1740.0,12.0,12244.3228,0.0,28694.0,0.006896551724137931,0.002112464316441724
1291,"Singh, Walker and Moody",joseblanchard@kennedy.biz,(773)901-4719,Canada,4.9,,5,True,1970148.3365,2168.0,7.0,7006.35264,0.0,27585.0,0.0032287822878228783,0.0031308886650931603
1292,"Graham, Scott and Jennings",brooksjessica@bruce.org,7258725204,China,2.7,1989.0,7,True,4155191.60142,2547.0,10.0,19058.4009,1.0,59630.0,0.0039261876717707105,0.0066032805982962975
1293,"Barr, Kelly and Roberts",palmerkatie@duran.com,-6387,Brazil,4.5,1977.0,4,True,2080697.2018,1799.0,1.0,1239.35616,2.0,8460.0,0.0005558643690939411,0.0033065689338802108
1294,Taylor LLC,kimberly65@garcia.net,938.398.8816,France,4.6,1979.0,6,True,1796038.3475000001,2412.0,8.0,14022.31912,0.0,40102.0,0.003316749585406302,0.002854199351430613
1295,Fuentes Inc,sbailey@taylor-ramos.org,352.840.1322x34232,United States,,2003.0,3,True,1090676.04078,1280.0,12.0,4343.54673,1.0,13170.0,0.009375,0.0017332630188817194
1296,"Hines, Rodriguez and Smith",ctodd@rodriguez.net,001-307-314-0140,Germany,1.9,2011.0,9,True,3598711.47779,3666.0,20.0,16349.3285,0.0,37222.0,0.005455537370430988,0.005718942460327462
1297,"Harris, Santana and Lopez",anthony24@bailey.org,589.611.9083,Australia,1.9,2017.0,6,True,2445630.22491,2383.0,10.0,16213.7228,1.0,34015.0,0.00419639110365086,0.0038865073295865278
1298,Winters PLC,beltrancorey@knapp.info,,France,4.8,1986.0,1,True,459253.74264,295.0,0.0,0.0,0.0,1717.0,0.0,0.0007298294806509802
1299,Martinez-Rodriguez,tylerward@hawkins-williams.com,,France,2.4,1999.0,3,True,635736.3567700001,1056.0,8.0,15661.21984,0.0,40574.0,0.007575757575757576,0.0010102892845798744
1300,Crosby-Richardson,lutztravis@sanders.com,526-769-1215,Brazil,2.2,2009.0,6,True,1668147.57526,2057.0,19.0,7593.79144,0.0,65921.0,0.009236752552260573,0.0026509599497277114
1301,Kaufman-Walker,wgomez@sparks-eaton.com,327.523.1843x22259,Japan,2.5,1999.0,0,False,0.0,0.0,0.0,0.0,0.0,0.0,,0.0
1302,"Blankenship, Khan and Turner",clarence54@watson.com,9643361103,India,4.5,2008.0,0,False,0.0,0.0,0.0,0.0,0.0,0.0,,0.0
1303,Jackson-Edwards,jenniferdavidson@larsen-taylor.com,577.654.7812x9142,Brazil,2.8,1993.0,0,False,0.0,0.0,0.0,0.0,0.0,0.0,,0.0
1304,Smith-Williams,lopezcurtis@martinez-gonzales.com,912.707.3564,Brazil,1.4,2023.0,0,False,0.0,0.0,0.0,0.0,0.0,0.0,,0.0
1305,Walters Group,jperez@reynolds-frazier.biz,494-831-1426,France,1.1,2018.0,0,False,0.0,0.0,0.0,0.0,0.0,0.0,,0.0
1306,Anderson-Valencia,rdiaz@farmer.com,001-610-843-0068,Vietnam,1.9,1981.0,0,False,0.0,0.0,0.0,0.0,0.0,0.0,,0.0
